-- MySQL Script generated by MySQL Workbench
-- Sat Jun 10 17:37:53 2023
-- Model: New Model    Version: 1.0
-- MySQL Workbench Forward Engineering

SET @OLD_UNIQUE_CHECKS=@@UNIQUE_CHECKS, UNIQUE_CHECKS=0;
SET @OLD_FOREIGN_KEY_CHECKS=@@FOREIGN_KEY_CHECKS, FOREIGN_KEY_CHECKS=0;
SET @OLD_SQL_MODE=@@SQL_MODE, SQL_MODE='ONLY_FULL_GROUP_BY,STRICT_TRANS_TABLES,NO_ZERO_IN_DATE,NO_ZERO_DATE,ERROR_FOR_DIVISION_BY_ZERO,NO_ENGINE_SUBSTITUTION';

-- -----------------------------------------------------
-- Schema cinema
-- -----------------------------------------------------

-- -----------------------------------------------------
-- Schema cinema
-- -----------------------------------------------------
CREATE SCHEMA IF NOT EXISTS `cinema` DEFAULT CHARACTER SET utf8 ;
USE `cinema` ;

-- -----------------------------------------------------
-- Table `cinema`.`bilete_statuss`
-- -----------------------------------------------------
CREATE TABLE IF NOT EXISTS `cinema`.`bilete_statuss` (
  `id_bilete_statuss` INT NOT NULL AUTO_INCREMENT,
  `statuss` VARCHAR(50) NOT NULL DEFAULT 0,
  PRIMARY KEY (`id_bilete_statuss`))
ENGINE = InnoDB;


-- -----------------------------------------------------
-- Table `cinema`.`login`
-- -----------------------------------------------------
CREATE TABLE IF NOT EXISTS `cinema`.`login` (
  `id_login` INT NOT NULL AUTO_INCREMENT,
  `username` VARCHAR(50) NOT NULL,
  `password` VARCHAR(100) NOT NULL,
  `admin` TINYINT(1) NOT NULL DEFAULT 0,
  PRIMARY KEY (`id_login`))
ENGINE = InnoDB;


-- -----------------------------------------------------
-- Table `cinema`.`papildu_info`
-- -----------------------------------------------------
CREATE TABLE IF NOT EXISTS `cinema`.`papildu_info` (
  `idpapildu_info` INT NOT NULL,
  `nosaukums` VARCHAR(45) NOT NULL,
  `cena` DECIMAL(15,2) NOT NULL DEFAULT 5.00,
  PRIMARY KEY (`idpapildu_info`))
ENGINE = InnoDB;


-- -----------------------------------------------------
-- Table `cinema`.`media`
-- -----------------------------------------------------
CREATE TABLE IF NOT EXISTS `cinema`.`media` (
  `id_media` VARCHAR(45) NOT NULL,
  `saite` VARCHAR(500) NULL,
  `media_tips` VARCHAR(45) NULL,
  PRIMARY KEY (`id_media`))
ENGINE = InnoDB;


-- -----------------------------------------------------
-- Table `cinema`.`films`
-- -----------------------------------------------------
CREATE TABLE IF NOT EXISTS `cinema`.`films` (
  `id_films` INT NOT NULL AUTO_INCREMENT,
  `zanrs` VARCHAR(50) NOT NULL,
  `vecums` VARCHAR(10) NOT NULL,
  `papildu_info_idpapildu_info` INT NOT NULL,
  `media_id_media` VARCHAR(45) NOT NULL,
  `filmscol` VARCHAR(45) NOT NULL,
  PRIMARY KEY (`id_films`),
  INDEX `fk_films_papildu_info1_idx` (`papildu_info_idpapildu_info` ASC),
  INDEX `fk_films_media1_idx` (`media_id_media` ASC),
  CONSTRAINT `fk_films_papildu_info1`
    FOREIGN KEY (`papildu_info_idpapildu_info`)
    REFERENCES `cinema`.`papildu_info` (`idpapildu_info`)
    ON DELETE NO ACTION
    ON UPDATE NO ACTION,
  CONSTRAINT `fk_films_media1`
    FOREIGN KEY (`media_id_media`)
    REFERENCES `cinema`.`media` (`id_media`)
    ON DELETE NO ACTION
    ON UPDATE NO ACTION)
ENGINE = InnoDB;


-- -----------------------------------------------------
-- Table `cinema`.`vietas`
-- -----------------------------------------------------
CREATE TABLE IF NOT EXISTS `cinema`.`vietas` (
  `id_vieta` INT NOT NULL AUTO_INCREMENT,
  `vieta` INT NULL,
  `rinda` INT NULL,
  PRIMARY KEY (`id_vieta`))
ENGINE = InnoDB;


-- -----------------------------------------------------
-- Table `cinema`.`seansi`
-- -----------------------------------------------------
CREATE TABLE IF NOT EXISTS `cinema`.`seansi` (
  `id_seansi` INT NOT NULL AUTO_INCREMENT,
  `datums` DATE NULL,
  `laiks` TIME NULL,
  `valoda` VARCHAR(45) NULL DEFAULT 'ENG',
  `films_id_films` INT NOT NULL,
  PRIMARY KEY (`id_seansi`),
  INDEX `fk_seansi_films1_idx` (`films_id_films` ASC),
  CONSTRAINT `fk_seansi_films1`
    FOREIGN KEY (`films_id_films`)
    REFERENCES `cinema`.`films` (`id_films`)
    ON DELETE NO ACTION
    ON UPDATE NO ACTION)
ENGINE = InnoDB;


-- -----------------------------------------------------
-- Table `cinema`.`bilete`
-- -----------------------------------------------------
CREATE TABLE IF NOT EXISTS `cinema`.`bilete` (
  `id_bilete` INT NOT NULL AUTO_INCREMENT,
  `vietas_id_vieta` INT NOT NULL,
  `rezervacija_id_rezervacija` INT NOT NULL,
  `seansi_id_seansi` INT NOT NULL,
  `pirksanu_laiks` DATETIME NULL,
  `login_id_login` INT NOT NULL,
  PRIMARY KEY (`id_bilete`),
  INDEX `fk_bilete_vietas1_idx` (`vietas_id_vieta` ASC),
  INDEX `fk_bilete_rezervacija1_idx` (`rezervacija_id_rezervacija` ASC),
  INDEX `fk_bilete_seansi1_idx` (`seansi_id_seansi` ASC),
  INDEX `fk_bilete_login1_idx` (`login_id_login` ASC),
  CONSTRAINT `fk_bilete_vietas1`
    FOREIGN KEY (`vietas_id_vieta`)
    REFERENCES `cinema`.`vietas` (`id_vieta`)
    ON DELETE NO ACTION
    ON UPDATE NO ACTION,
  CONSTRAINT `fk_bilete_rezervacija1`
    FOREIGN KEY (`rezervacija_id_rezervacija`)
    REFERENCES `cinema`.`bilete_statuss` (`id_bilete_statuss`)
    ON DELETE NO ACTION
    ON UPDATE NO ACTION,
  CONSTRAINT `fk_bilete_seansi1`
    FOREIGN KEY (`seansi_id_seansi`)
    REFERENCES `cinema`.`seansi` (`id_seansi`)
    ON DELETE NO ACTION
    ON UPDATE NO ACTION,
  CONSTRAINT `fk_bilete_login1`
    FOREIGN KEY (`login_id_login`)
    REFERENCES `cinema`.`login` (`id_login`)
    ON DELETE NO ACTION
    ON UPDATE NO ACTION)
ENGINE = InnoDB;


SET SQL_MODE=@OLD_SQL_MODE;
SET FOREIGN_KEY_CHECKS=@OLD_FOREIGN_KEY_CHECKS;
SET UNIQUE_CHECKS=@OLD_UNIQUE_CHECKS;

-- -----------------------------------------------------
-- Data for table `cinema`.`bilete_statuss`
-- -----------------------------------------------------
START TRANSACTION;
USE `cinema`;
INSERT INTO `cinema`.`bilete_statuss` (`id_bilete_statuss`, `statuss`) VALUES (DEFAULT, '0');
INSERT INTO `cinema`.`bilete_statuss` (`id_bilete_statuss`, `statuss`) VALUES (DEFAULT, '0');
INSERT INTO `cinema`.`bilete_statuss` (`id_bilete_statuss`, `statuss`) VALUES (DEFAULT, '0');
INSERT INTO `cinema`.`bilete_statuss` (`id_bilete_statuss`, `statuss`) VALUES (DEFAULT, '0');
INSERT INTO `cinema`.`bilete_statuss` (`id_bilete_statuss`, `statuss`) VALUES (DEFAULT, '0');

COMMIT;


-- -----------------------------------------------------
-- Data for table `cinema`.`login`
-- -----------------------------------------------------
START TRANSACTION;
USE `cinema`;
INSERT INTO `cinema`.`login` (`id_login`, `username`, `password`, `admin`) VALUES (DEFAULT, 'nikita', 'Parole1', 0);
INSERT INTO `cinema`.`login` (`id_login`, `username`, `password`, `admin`) VALUES (DEFAULT, 'ruslans', 'Parole1', 0);
INSERT INTO `cinema`.`login` (`id_login`, `username`, `password`, `admin`) VALUES (DEFAULT, 'qwiza', 'Parole1', 0);
INSERT INTO `cinema`.`login` (`id_login`, `username`, `password`, `admin`) VALUES (DEFAULT, 'groshev', 'Parole1', 0);
INSERT INTO `cinema`.`login` (`id_login`, `username`, `password`, `admin`) VALUES (DEFAULT, 'admin', 'admin', 1);

COMMIT;


-- -----------------------------------------------------
-- Data for table `cinema`.`papildu_info`
-- -----------------------------------------------------
START TRANSACTION;
USE `cinema`;
INSERT INTO `cinema`.`papildu_info` (`idpapildu_info`, `nosaukums`, `cena`) VALUES (1, 'Nežēlīgā nakts', DEFAULT);
INSERT INTO `cinema`.`papildu_info` (`idpapildu_info`, `nosaukums`, `cena`) VALUES (2, 'Ziemassvētki džungļos', DEFAULT);
INSERT INTO `cinema`.`papildu_info` (`idpapildu_info`, `nosaukums`, `cena`) VALUES (3, 'Avatars: Ūdensceļš', DEFAULT);
INSERT INTO `cinema`.`papildu_info` (`idpapildu_info`, `nosaukums`, `cena`) VALUES (4, 'Circenīša Ziemassvētki', DEFAULT);
INSERT INTO `cinema`.`papildu_info` (`idpapildu_info`, `nosaukums`, `cena`) VALUES (5, 'Lāčuka Tedija Ziemassvētki', DEFAULT);

COMMIT;


-- -----------------------------------------------------
-- Data for table `cinema`.`media`
-- -----------------------------------------------------
START TRANSACTION;
USE `cinema`;
INSERT INTO `cinema`.`media` (`id_media`, `saite`, `media_tips`) VALUES (1, 'http://forumcinemaslv.blob.core.windows.net/1012/Event_9982/portrait_large/Violent-night-plakats.jpg', 'foto');
INSERT INTO `cinema`.`media` (`id_media`, `saite`, `media_tips`) VALUES (2, 'http://forumcinemaslv.blob.core.windows.net/1012/Event_9468/portrait_large/Ziemassvetki-dzunglos-plakats.jpg', 'foto');
INSERT INTO `cinema`.`media` (`id_media`, `saite`, `media_tips`) VALUES (3, 'https://www.bezrindas.lv/uploads/events/11300/ex2/daa434422410ed171460171a4c0a2bc3.png', 'foto');
INSERT INTO `cinema`.`media` (`id_media`, `saite`, `media_tips`) VALUES (4, 'https://forumcinemaslv.blob.core.windows.net/1012/Event_9821/portrait_medium/Circenisa-Ziemassvetki-plakats.jpg', 'foto');
INSERT INTO `cinema`.`media` (`id_media`, `saite`, `media_tips`) VALUES (5, 'https://www.bezrindas.lv/uploads/events/11177/e/66f4900e6a65cd037df6627dfb1f1459.jpg', 'foto');

COMMIT;


-- -----------------------------------------------------
-- Data for table `cinema`.`films`
-- -----------------------------------------------------
START TRANSACTION;
USE `cinema`;
INSERT INTO `cinema`.`films` (`id_films`, `zanrs`, `vecums`, `papildu_info_idpapildu_info`, `media_id_media`, `filmscol`) VALUES (1, 'Asa sižeta filma', '16+', 1, 1, DEFAULT);
INSERT INTO `cinema`.`films` (`id_films`, `zanrs`, `vecums`, `papildu_info_idpapildu_info`, `media_id_media`, `filmscol`) VALUES (2, 'Ģimenes filma', '7+', 2, 2, DEFAULT);
INSERT INTO `cinema`.`films` (`id_films`, `zanrs`, `vecums`, `papildu_info_idpapildu_info`, `media_id_media`, `filmscol`) VALUES (3, 'Piedzīvojumu filma', '12+', 3, 3, DEFAULT);
INSERT INTO `cinema`.`films` (`id_films`, `zanrs`, `vecums`, `papildu_info_idpapildu_info`, `media_id_media`, `filmscol`) VALUES (4, 'Ģimenes filma', '7+', 4, 4, DEFAULT);
INSERT INTO `cinema`.`films` (`id_films`, `zanrs`, `vecums`, `papildu_info_idpapildu_info`, `media_id_media`, `filmscol`) VALUES (5, 'Ģimenes filma', 'nav', 5, 5, DEFAULT);

COMMIT;


-- -----------------------------------------------------
-- Data for table `cinema`.`vietas`
-- -----------------------------------------------------
START TRANSACTION;
USE `cinema`;
INSERT INTO `cinema`.`vietas` (`id_vieta`, `vieta`, `rinda`) VALUES (DEFAULT, 5, 3);
INSERT INTO `cinema`.`vietas` (`id_vieta`, `vieta`, `rinda`) VALUES (DEFAULT, 3, 8);
INSERT INTO `cinema`.`vietas` (`id_vieta`, `vieta`, `rinda`) VALUES (DEFAULT, 4, 6);
INSERT INTO `cinema`.`vietas` (`id_vieta`, `vieta`, `rinda`) VALUES (DEFAULT, 5, 8);
INSERT INTO `cinema`.`vietas` (`id_vieta`, `vieta`, `rinda`) VALUES (DEFAULT, 6, 5);

COMMIT;


-- -----------------------------------------------------
-- Data for table `cinema`.`bilete`
-- -----------------------------------------------------
START TRANSACTION;
USE `cinema`;
INSERT INTO `cinema`.`bilete` (`id_bilete`, `vietas_id_vieta`, `rezervacija_id_rezervacija`, `seansi_id_seansi`, `pirksanu_laiks`, `login_id_login`) VALUES (1, 1, 1, 1, NULL, 1);
INSERT INTO `cinema`.`bilete` (`id_bilete`, `vietas_id_vieta`, `rezervacija_id_rezervacija`, `seansi_id_seansi`, `pirksanu_laiks`, `login_id_login`) VALUES (2, 2, 2, 1, NULL, 2);
INSERT INTO `cinema`.`bilete` (`id_bilete`, `vietas_id_vieta`, `rezervacija_id_rezervacija`, `seansi_id_seansi`, `pirksanu_laiks`, `login_id_login`) VALUES (3, 3, 3, 1, NULL, 3);
INSERT INTO `cinema`.`bilete` (`id_bilete`, `vietas_id_vieta`, `rezervacija_id_rezervacija`, `seansi_id_seansi`, `pirksanu_laiks`, `login_id_login`) VALUES (4, 4, 4, 1, NULL, 4);
INSERT INTO `cinema`.`bilete` (`id_bilete`, `vietas_id_vieta`, `rezervacija_id_rezervacija`, `seansi_id_seansi`, `pirksanu_laiks`, `login_id_login`) VALUES (5, 5, 5, 1, NULL, 5);

COMMIT;

