-- MySQL Script generated by MySQL Workbench
-- Mon Jun 12 09:41:17 2023
-- Model: New Model    Version: 1.0
-- MySQL Workbench Forward Engineering

SET @OLD_UNIQUE_CHECKS=@@UNIQUE_CHECKS, UNIQUE_CHECKS=0;
SET @OLD_FOREIGN_KEY_CHECKS=@@FOREIGN_KEY_CHECKS, FOREIGN_KEY_CHECKS=0;
SET @OLD_SQL_MODE=@@SQL_MODE, SQL_MODE='ONLY_FULL_GROUP_BY,STRICT_TRANS_TABLES,NO_ZERO_IN_DATE,NO_ZERO_DATE,ERROR_FOR_DIVISION_BY_ZERO,NO_ENGINE_SUBSTITUTION';

-- -----------------------------------------------------
-- Schema cinema
-- -----------------------------------------------------

-- -----------------------------------------------------
-- Schema cinema
-- -----------------------------------------------------
CREATE SCHEMA IF NOT EXISTS `cinema` DEFAULT CHARACTER SET utf8 ;
USE `cinema` ;

-- -----------------------------------------------------
-- Table `cinema`.`bilete_statuss`
-- -----------------------------------------------------
CREATE TABLE IF NOT EXISTS `cinema`.`bilete_statuss` (
  `id_bilete_statuss` INT NOT NULL AUTO_INCREMENT,
  `statuss` VARCHAR(50) NOT NULL DEFAULT 0,
  PRIMARY KEY (`id_bilete_statuss`))
ENGINE = InnoDB;


-- -----------------------------------------------------
-- Table `cinema`.`login`
-- -----------------------------------------------------
CREATE TABLE IF NOT EXISTS `cinema`.`login` (
  `id_login` INT NOT NULL AUTO_INCREMENT,
  `username` VARCHAR(50) NOT NULL,
  `password` VARCHAR(100) NOT NULL,
  `admin` TINYINT(1) NOT NULL DEFAULT 0,
  `vards` VARCHAR(45) NULL,
  `uzvards` VARCHAR(45) NULL,
  `telefons` VARCHAR(15) NULL,
  PRIMARY KEY (`id_login`))
ENGINE = InnoDB;


-- -----------------------------------------------------
-- Table `cinema`.`papildu_info`
-- -----------------------------------------------------
CREATE TABLE IF NOT EXISTS `cinema`.`papildu_info` (
  `idpapildu_info` INT NOT NULL AUTO_INCREMENT,
  `nosaukums` VARCHAR(45) NOT NULL,
  `cena` DECIMAL(15,2) NOT NULL DEFAULT 5.00,
  PRIMARY KEY (`idpapildu_info`))
ENGINE = InnoDB;


-- -----------------------------------------------------
-- Table `cinema`.`media`
-- -----------------------------------------------------
CREATE TABLE IF NOT EXISTS `cinema`.`media` (
  `id_media` INT NOT NULL AUTO_INCREMENT,
  `saite` VARCHAR(500) NULL,
  `media_tips` VARCHAR(45) NULL,
  PRIMARY KEY (`id_media`))
ENGINE = InnoDB;


-- -----------------------------------------------------
-- Table `cinema`.`films`
-- -----------------------------------------------------
CREATE TABLE IF NOT EXISTS `cinema`.`films` (
  `id_films` INT NOT NULL AUTO_INCREMENT,
  `zanrs` VARCHAR(50) NOT NULL,
  `vecums` VARCHAR(10) NOT NULL,
  `papildu_info_idpapildu_info` INT NOT NULL,
  `media_id_media` INT NOT NULL,
  `apraksts` VARCHAR(500) NULL,
  `start_date` DATETIME NULL,
  `end_date` DATETIME NULL,
  PRIMARY KEY (`id_films`),
  INDEX `fk_films_papildu_info1_idx` (`papildu_info_idpapildu_info` ASC),
  INDEX `fk_films_media1_idx` (`media_id_media` ASC),
  CONSTRAINT `fk_films_papildu_info1`
    FOREIGN KEY (`papildu_info_idpapildu_info`)
    REFERENCES `cinema`.`papildu_info` (`idpapildu_info`)
    ON DELETE NO ACTION
    ON UPDATE NO ACTION,
  CONSTRAINT `fk_films_media1`
    FOREIGN KEY (`media_id_media`)
    REFERENCES `cinema`.`media` (`id_media`)
    ON DELETE NO ACTION
    ON UPDATE NO ACTION)
ENGINE = InnoDB;


-- -----------------------------------------------------
-- Table `cinema`.`seansi`
-- -----------------------------------------------------
CREATE TABLE IF NOT EXISTS `cinema`.`seansi` (
  `id_seansi` INT NOT NULL AUTO_INCREMENT,
  `datums` DATE NULL,
  `laiks` TIME NULL,
  `valoda` VARCHAR(45) NULL DEFAULT 'ENG',
  `films_id_films` INT NOT NULL,
  `active` BIT NULL DEFAULT 1,
  PRIMARY KEY (`id_seansi`),
  INDEX `fk_seansi_films1_idx` (`films_id_films` ASC),
  CONSTRAINT `fk_seansi_films1`
    FOREIGN KEY (`films_id_films`)
    REFERENCES `cinema`.`films` (`id_films`)
    ON DELETE NO ACTION
    ON UPDATE NO ACTION)
ENGINE = InnoDB;


-- -----------------------------------------------------
-- Table `cinema`.`bilete`
-- -----------------------------------------------------
CREATE TABLE IF NOT EXISTS `cinema`.`bilete` (
  `id_bilete` INT NOT NULL AUTO_INCREMENT,
  `seansi_id_seansi` INT NOT NULL,
  `pirksanu_laiks` DATETIME NULL,
  `login_id_login` INT NOT NULL,
  `bilete_statuss_id_bilete_statuss` INT NOT NULL,
  `vieta` INT NULL,
  `rinda` INT NULL,
  PRIMARY KEY (`id_bilete`),
  INDEX `fk_bilete_seansi1_idx` (`seansi_id_seansi` ASC),
  INDEX `fk_bilete_login1_idx` (`login_id_login` ASC),
  INDEX `fk_bilete_bilete_statuss1_idx` (`bilete_statuss_id_bilete_statuss` ASC),
  CONSTRAINT `fk_bilete_seansi1`
    FOREIGN KEY (`seansi_id_seansi`)
    REFERENCES `cinema`.`seansi` (`id_seansi`)
    ON DELETE NO ACTION
    ON UPDATE NO ACTION,
  CONSTRAINT `fk_bilete_login1`
    FOREIGN KEY (`login_id_login`)
    REFERENCES `cinema`.`login` (`id_login`)
    ON DELETE NO ACTION
    ON UPDATE NO ACTION,
  CONSTRAINT `fk_bilete_bilete_statuss1`
    FOREIGN KEY (`bilete_statuss_id_bilete_statuss`)
    REFERENCES `cinema`.`bilete_statuss` (`id_bilete_statuss`)
    ON DELETE NO ACTION
    ON UPDATE NO ACTION)
ENGINE = InnoDB;


SET SQL_MODE=@OLD_SQL_MODE;
SET FOREIGN_KEY_CHECKS=@OLD_FOREIGN_KEY_CHECKS;
SET UNIQUE_CHECKS=@OLD_UNIQUE_CHECKS;

-- -----------------------------------------------------
-- Data for table `cinema`.`bilete_statuss`
-- -----------------------------------------------------
START TRANSACTION;
USE `cinema`;
INSERT INTO `cinema`.`bilete_statuss` (`id_bilete_statuss`, `statuss`) VALUES (1, 'Rezervēts');
INSERT INTO `cinema`.`bilete_statuss` (`id_bilete_statuss`, `statuss`) VALUES (2, 'Nopirkts');
INSERT INTO `cinema`.`bilete_statuss` (`id_bilete_statuss`, `statuss`) VALUES (3, 'Atcelts');

COMMIT;


-- -----------------------------------------------------
-- Data for table `cinema`.`login`
-- -----------------------------------------------------
START TRANSACTION;
USE `cinema`;
INSERT INTO `cinema`.`login` (`id_login`, `username`, `password`, `admin`, `vards`, `uzvards`, `telefons`) VALUES (1, 'admin', '$2y$10$Vj5T.r0QhkSnZuzLLDE1d.NDMxCfyxSBuvawQuzBDim7HdKdoXI4O', 1, 'Nikita', 'Groshev', '25373811');

COMMIT;


-- -----------------------------------------------------
-- Data for table `cinema`.`papildu_info`
-- -----------------------------------------------------
START TRANSACTION;
USE `cinema`;
INSERT INTO `cinema`.`papildu_info` (`idpapildu_info`, `nosaukums`, `cena`) VALUES (1, 'Zibsnis', DEFAULT);
INSERT INTO `cinema`.`papildu_info` (`idpapildu_info`, `nosaukums`, `cena`) VALUES (2, 'Zirnekļcilvēks: Pāri Zirnekļpasaulei', DEFAULT);
INSERT INTO `cinema`.`papildu_info` (`idpapildu_info`, `nosaukums`, `cena`) VALUES (3, 'Super Mario Brāļi: Filma', DEFAULT);
INSERT INTO `cinema`.`papildu_info` (`idpapildu_info`, `nosaukums`, `cena`) VALUES (4, 'Transformeri: Nezvēru laikmets', DEFAULT);
INSERT INTO `cinema`.`papildu_info` (`idpapildu_info`, `nosaukums`, `cena`) VALUES (5, 'Ātrs un bez žēlastības 10', DEFAULT);

COMMIT;


-- -----------------------------------------------------
-- Data for table `cinema`.`media`
-- -----------------------------------------------------
START TRANSACTION;
USE `cinema`;
INSERT INTO `cinema`.`media` (`id_media`, `saite`, `media_tips`) VALUES (1, 'https://m.media-amazon.com/images/M/MV5BZWE2ZWE5MDQtMTJlZi00MTVjLTkxOTgtNmNiYjg2NDIxN2NhXkEyXkFqcGdeQXVyMTUzMTg2ODkz._V1_.jpg', 'foto');
INSERT INTO `cinema`.`media` (`id_media`, `saite`, `media_tips`) VALUES (2, 'https://forumcinemaslv.blob.core.windows.net/1012/Event_9812/portrait_medium/SpiderMan-ATSV_plakats.jpg', 'foto');
INSERT INTO `cinema`.`media` (`id_media`, `saite`, `media_tips`) VALUES (3, 'https://forumcinemaslv.blob.core.windows.net/1012/Event_9809/portrait_medium/Super-Mario-Bros-Movie-plakats.jpg', 'foto');
INSERT INTO `cinema`.`media` (`id_media`, `saite`, `media_tips`) VALUES (4, 'https://forumcinemaslv.blob.core.windows.net/1012/Event_10011/portrait_medium/transformeri-nezveru-laikmets.jpg', 'foto');
INSERT INTO `cinema`.`media` (`id_media`, `saite`, `media_tips`) VALUES (5, 'https://forumcinemaslv.blob.core.windows.net/1012/Event_9811/portrait_medium/Fast-X-plakats.jpg', 'foto');

COMMIT;


-- -----------------------------------------------------
-- Data for table `cinema`.`films`
-- -----------------------------------------------------
START TRANSACTION;
USE `cinema`;
INSERT INTO `cinema`.`films` (`id_films`, `zanrs`, `vecums`, `papildu_info_idpapildu_info`, `media_id_media`, `apraksts`, `start_date`, `end_date`) VALUES (1, 'Asa sižeta filma', '16+', 1, 1, NULL, NULL, NULL);
INSERT INTO `cinema`.`films` (`id_films`, `zanrs`, `vecums`, `papildu_info_idpapildu_info`, `media_id_media`, `apraksts`, `start_date`, `end_date`) VALUES (2, 'Ģimenes filma', '7+', 2, 2, NULL, NULL, NULL);
INSERT INTO `cinema`.`films` (`id_films`, `zanrs`, `vecums`, `papildu_info_idpapildu_info`, `media_id_media`, `apraksts`, `start_date`, `end_date`) VALUES (3, 'Piedzīvojumu filma', '12+', 3, 3, NULL, NULL, NULL);
INSERT INTO `cinema`.`films` (`id_films`, `zanrs`, `vecums`, `papildu_info_idpapildu_info`, `media_id_media`, `apraksts`, `start_date`, `end_date`) VALUES (4, 'Ģimenes filma', '7+', 4, 4, NULL, NULL, NULL);
INSERT INTO `cinema`.`films` (`id_films`, `zanrs`, `vecums`, `papildu_info_idpapildu_info`, `media_id_media`, `apraksts`, `start_date`, `end_date`) VALUES (5, 'Ģimenes filma', 'nav', 5, 5, NULL, NULL, NULL);

COMMIT;

-- -----------------------------------------------------
-- Data for table `cinema`.`seansi`
-- -----------------------------------------------------
START TRANSACTION;
USE `cinema`;
INSERT INTO `cinema`.`seansi` (`id_seansi`, `datums`, `laiks`, `valoda`, `films_id_films`, `active`) VALUES (1, '2023-06-30', '02:00:00', 'LV; ENG sub', 1, 1);
INSERT INTO `cinema`.`seansi` (`id_seansi`, `datums`, `laiks`, `valoda`, `films_id_films`, `active`) VALUES (2, '2023-06-30', '02:00:00', 'LV; ENG sub', 2, 1);
INSERT INTO `cinema`.`seansi` (`id_seansi`, `datums`, `laiks`, `valoda`, `films_id_films`, `active`) VALUES (3, '2023-06-30', '02:00:00', 'LV; ENG sub', 3, 1);

COMMIT;


-- -----------------------------------------------------
-- Data for table `cinema`.`bilete`
-- -----------------------------------------------------
START TRANSACTION;
USE `cinema`;
INSERT INTO `cinema`.`bilete` (`id_bilete`, `seansi_id_seansi`, `pirksanu_laiks`, `login_id_login`, `bilete_statuss_id_bilete_statuss`, `vieta`, `rinda`) VALUES (1, 1, NULL, 1, 1, NULL, NULL);
INSERT INTO `cinema`.`bilete` (`id_bilete`, `seansi_id_seansi`, `pirksanu_laiks`, `login_id_login`, `bilete_statuss_id_bilete_statuss`, `vieta`, `rinda`) VALUES (2, 2, NULL, 1, 2, NULL, NULL);
INSERT INTO `cinema`.`bilete` (`id_bilete`, `seansi_id_seansi`, `pirksanu_laiks`, `login_id_login`, `bilete_statuss_id_bilete_statuss`, `vieta`, `rinda`) VALUES (3, 3, NULL, 1, 3, NULL, NULL);
INSERT INTO `cinema`.`bilete` (`id_bilete`, `seansi_id_seansi`, `pirksanu_laiks`, `login_id_login`, `bilete_statuss_id_bilete_statuss`, `vieta`, `rinda`) VALUES (4, 3, NULL, 1, 1, NULL, NULL);
INSERT INTO `cinema`.`bilete` (`id_bilete`, `seansi_id_seansi`, `pirksanu_laiks`, `login_id_login`, `bilete_statuss_id_bilete_statuss`, `vieta`, `rinda`) VALUES (5, 3, NULL, 1, 2, NULL, NULL);

COMMIT;

